@timestamp,_document_id,access_level,action,actions_cache_id,actions_cache_key,actions_cache_scope,actions_cache_version,active,active_was,actor,actor_id,actor_ip,actor_is_agent,actor_is_bot,actor_location.country_code,admin_enforced,after,agent_session_id,alert_enabled,alert_id,alert_number,alert_numbers,alert_recipient_user_ids,allow,allow_deletions_enforcement_level,allow_force_pushes_enforcement_level,allowed_values,api_request_body,application_client_id,application_id,application_name,application_type,approvers,approvers_was,assigned_user_ids,audit_log_stream_enabled,audit_log_stream_id,audit_log_stream_result,audit_log_stream_sink,audit_log_stream_sink_details,authorized_actor_names,authorized_actors,authorized_actors_only,base_role,before,blocked_user,branch,budget_limit_type,bullets,business,business_id,calling_workflow_refs,calling_workflow_shas,can_admins_bypass,cancelled_at,category,changes,check_response_timeout_minutes,check_run_id,cname,collaborator,collaborator_type,color,comment,comment_id,commit_oid,completed_at,compliant_pull_request_ids,conclusion,config,config_was,content_type,context,copilot_chat_enabled,copilot_custom_key,copilot_custom_key_id,copilot_custom_key_provider,copilot_custom_model,copilot_custom_model_id,copilot_custom_model_slug,count,create_protected,created_at,credential_regenerated,credential_revoked,current_plan,current_validity,current_value,custom_instructions,custom_key,custom_key_id,custom_key_provider,custom_model,custom_model_id,custom_model_slug,custom_pattern,custom_pattern_name,custom_pattern_scope,customer_id,default_branch,default_for_new_private_repos,default_for_new_public_repos,default_value,definition_id,deleted_at,deleted_by,deleted_by_id,deleted_content,deploy_key_fingerprint,deployment_url,description,details,devcontainer_path,dismiss_comment,dismiss_reason,dismiss_stale_reviews_on_push,dismissal_approver_id,dismissal_request_id,dn,domain,domain_name,duration,ecosystem,editor,editor_id,email,emoji,enabled,enablement,end,end_date,enforcement,enforcement_level,enterprise_role_id,enterprise_role_name,enterprise_team,enterprise_team_id,entry_found,environment_id,environment_name,error,event,events,events_were,exclude_cost_center_usage,excluded_paths,exempt_administrators,explanation,external_group,external_group_id,external_id,external_identity_nameid,external_identity_username,failover_network_enabled,failover_network_settings_ids,filename,filtered_request_body,fingerprint,from_business,ghsa_id,gist,gist_id,has_free_trial,hashed_token,head_branch,head_sha,hook_id,ignore_approvals_from_contributors,imposer_repo,imposer_workflow_sha,initiated_from,integration,invitation_id,invitee,invitee_email,inviter,ip_allow_list_entry,is_hosted_runner,is_republished,issue_type_name,issuer,job_name,job_workflow_ref,key,languages,limit,limited_availability,linear_history_requirement_enforcement_level,lock_allows_fetch_and_merge,lock_branch_enforcement_level,machine_type,managed_hashed_token,managed_oauth_access_id,managed_oauth_scopes,managed_token_id,managed_token_scopes,manager,marketplace_listing,marketplace_listing_plan,max_entries_to_build,max_entries_to_merge,mcp_server_config_id,mcp_server_id,mcp_server_url,merge_method,merge_queue_enforcement_level,merging_strategy,message,min_entries_to_merge,min_entries_to_merge_wait_minutes,model,model_key,model_publisher,model_publisher_id,monthly_price_in_cents,multi_repo,name,network_configuration_id,network_settings_ids,new_access,new_azure_blob_container,new_branch,new_config,new_datadog_site,new_emu_repo_runners_policy,new_event_hub_instance,new_gc_bucket,new_nwo,new_policy,new_project_base_role,new_repo_base_role,new_repo_permission,new_repo_runners_policy,new_s3_arn_role,new_s3_bucket,new_splunk_domain,new_splunk_endpoint,new_splunk_port,new_value,nickname,number,oauth_application,oauth_application_id,oauth_application_name,oauth_credential_type,old_access,old_alert_enabled,old_allow,old_allowed_values,old_azure_blob_container,old_base_role,old_branch,old_budget_limit_type,old_cname,old_color,old_copilot_chat_enabled,old_copilot_custom_key,old_copilot_custom_model,old_custom_key,old_custom_model,old_datadog_site,old_default_branch,old_default_value,old_deployment_url,old_description,old_emu_repo_runners_policy,old_enabled,old_event_hub_instance,old_gc_bucket,old_issue_type_name,old_login,old_message,old_name,old_permission,old_permissions,old_plan,old_policy,old_pricing_target_id,old_pricing_target_type,old_project_base_role,old_project_role,old_repo_base_role,old_repo_permission,old_repo_runners_policy,old_required,old_role_permissions,old_s3_arn_role,old_s3_bucket,old_splunk_domain,old_splunk_endpoint,old_splunk_port,old_target_amount,old_target_id,old_target_type,old_token_expiration,old_user,old_value,old_value_type,old_values_editable_by,openssh_public_key,operation_type,org,org_id,organization_names,organization_role_id,organization_role_name,organization_upgrade,origin_repository,overridden_codes,owner,owner_id,owner_type,package,passkey_nickname,pat_field_changed,patreon_email,patreon_username,pending_cancellation_date,permission,permissions,permissions_added,permissions_downgraded,permissions_removed,permissions_unchanged,permissions_upgraded,plan,policy,prevent_self_review,previous_settings_ids,previous_validity,previous_value,previous_visibility,pricing_target_id,pricing_target_type,primary_category,programmatic_access_type,project_id,project_kind,project_name,project_number,project_role,property_name,public_project,public_repo,publicly_leaked,pull_request_global_id,pull_request_id,pull_request_reviews_enforcement_level,pull_request_title,pull_request_url,push_protection_bypass_reason,push_protection_setting,query,query_phrase,query_string,query_suite,rate_limit_remaining,read_only,reason,reasons,recipient,ref,referrer,repo,repo_id,repo_was,report_result,repositories,repositories_added,repositories_added_names,repositories_removed,repositories_removed_names,repositories_updated,repository,repository_id,repository_public,repository_security_configuration_failure_reason,repository_security_configuration_state,repository_selection,request_access_security_header,request_body,request_cancelled,request_category,request_id,request_method,request_reviewer,request_reviewer_comment,request_reviewer_id,requested_at,requested_permissions,requester,requester_id,require_code_owner_review,require_last_push_approval,required,required_approving_review_count,required_deployments_enforcement_level,required_review_thread_resolution_enforcement_level,required_status_checks_enforcement_level,rerun_type,resolution,resource_identifier,response_error_message,review_id,reviewer,reviewer_id,reviewer_type,revoked_permissions,role_permissions,route,rule_suite_id,ruleset_bypass_actors,ruleset_bypass_actors_added,ruleset_bypass_actors_deleted,ruleset_bypass_actors_updated,ruleset_conditions,ruleset_conditions_added,ruleset_conditions_deleted,ruleset_conditions_updated,ruleset_enforcement,ruleset_id,ruleset_name,ruleset_old_enforcement,ruleset_old_name,ruleset_rules,ruleset_rules_added,ruleset_rules_deleted,ruleset_rules_updated,ruleset_source_type,run_attempt,run_number,runner_group_allow_public,runner_group_id,runner_group_name,runner_group_restricted_to_workflows,runner_group_selected_workflow_refs,runner_id,runner_labels,runner_name,runner_owner_type,scheduled_plan,scim_group_id,scim_user_id,search_string,seat_assignment,seats_plan_type,seats_plan_type_was,secondary_category,secret_type,secret_type_category,secret_type_display_name,secret_type_provider,secret_types,secrets_passed,secrets_updated,security_configuration_code_scanning,security_configuration_code_scanning_delegated_alert_dismissal,security_configuration_code_security_sku_enabled,security_configuration_created_at,security_configuration_dependabot_alerts,security_configuration_dependabot_delegated_alert_dismissal,security_configuration_dependabot_security_updates,security_configuration_dependency_graph,security_configuration_dependency_graph_autosubmit_action,security_configuration_description,security_configuration_enable_ghas,security_configuration_enforcement,security_configuration_id,security_configuration_name,security_configuration_private_vulnerability_reporting,security_configuration_secret_protection_sku_enabled,security_configuration_secret_scanning,security_configuration_secret_scanning_delegated_alert_dismissal,security_configuration_secret_scanning_delegated_bypass,security_configuration_secret_scanning_generic_secrets,security_configuration_secret_scanning_non_provider_patterns,security_configuration_secret_scanning_push_protection,security_configuration_secret_scanning_validity_checks,security_configuration_updated_at,security_feature,security_feature_state,selected_service,set_default_workflow_permissions,set_workflow_permission_can_approve_pr,signature_requirement_enforcement_level,source,source_slug,source_version,sponsors_listing_id,ssl_verify,sso_url,start,start_date,started_at,state,status,status_code,strict_required_status_checks_policy,target,target_amount,target_id,target_login,target_type,target_version,team,team_type,threat_model,title,to_business,token_expiration,token_expires_at,token_id,token_scopes,tool,topic,transfer_from,transfer_from_id,transfer_from_type,transfer_to,transfer_to_id,transfer_to_type,transport_protocol,transport_protocol_name,trigger_id,two_factor_method,type,type_slug,updated_access_policy,updated_allowed_types,updated_github_owned_allowed,updated_patterns,updated_verified_allowed,url,url_path,user,user_agent,user_content_id,user_content_type,user_id,user_programmatic_access_id,user_programmatic_access_name,user_programmatic_access_request_id,uuid,value,value_type,values_editable_by,version,version_count,visibility,vulnerability_alert_rule_actions,vulnerability_alert_rule_conditions,vulnerability_alert_rule_id,vulnerability_alert_rule_name,workflow_id,workflow_run_id,yearly_price_in_cents
1768869928000,2yq8YTvb6pb_WIYFIjuRYA,,oauth_access.regenerate,,,,,,,202541-dor,243700058,,,,,,,,,,,,,,,,,,,,,,,,,,,,,,,,,,,,,,,,,,,,,,,,,,,,,,,,,,,,,,,,,,,,,,,,1768869928000,,,,,,,,,,,,,,,,,,,,,,,,,,,,,,,,,,,,,,,,,,,,,,,,,,,,,,,,,,,,,,,,,,,,,,,,,,,,,,,,,/8hV8rConmp3lDtrbzpQcc3zaC3alneMsVcVhZrZQwA=,,,,,,,,Copilot Chat App,,,,,,,,,,,,,,,,,,,,,,,,,,,,,,,,,,,,,,,,,,,,,,,,,,,,,,,,,,,,,,,,,,,,,,,,,,,,,,,,,,,,,,,,,,,,,,,,,,,,,,,,,,,,,,,,,,,,,,,,,,,,,,,,,modify,,,,,,,,,,,,,,,,,,,,,,,,,,,,,,,,,,,,,,,,,,,,,,,,,,,,,,,,,,,,,,,,,,,,,,,,,,,,,,,,,,,295F:2D500F:4D7208:6457DD:696ED027,,,,,,,,,,,,,,,,,,,,,,,,,,,,,,,,,,,,,,,,,,,,,,,,,,,,,,,,,,,,,,,,,,,,,,,,,,,,,,,,,,,,,,,,,,,,,,,,,,,,,,,,,,,,,,,,,,,,,,,,,,,,,,,,3258838947,,,,,,,,,,,,,,,,,,,,,,,202541-dor,"Mozilla/5.0 (Macintosh; Intel Mac OS X 10_15_7) AppleWebKit/605.1.15 (KHTML, like Gecko) Version/26.2 Safari/605.1.15",,,243700058,,,,,,,,,,,,,,,,,
1768867804378,EOrcwyeQceNWnFmNbqg91w,,oauth_access.regenerate,,,,,,,202541-dor,243700058,,,,,,,,,,,,,,,,,,,,,,,,,,,,,,,,,,,,,,,,,,,,,,,,,,,,,,,,,,,,,,,,,,,,,,,,1768867804378,,,,,,,,,,,,,,,,,,,,,,,,,,,,,,,,,,,,,,,,,,,,,,,,,,,,,,,,,,,,,,,,,,,,,,,,,,,,,,,,,RWtx3ncYNQnQ/X9ByHFGMs0rlJVAoCBKM8mS1UeU5+g=,,,,,,,,Copilot Chat App,,,,,,,,,,,,,,,,,,,,,,,,,,,,,,,,,,,,,,,,,,,,,,,,,,,,,,,,,,,,,,,,,,,,,,,,,,,,,,,,,,,,,,,,,,,,,,,,,,,,,,,,,,,,,,,,,,,,,,,,,,,,,,,,,modify,,,,,,,,,,,,,,,,,,,,,,,,,,,,,,,,,,,,,,,,,,,,,,,,,,,,,,,,,,,,,,,,,,,,,,,,,,,,,,,,,,,8EAF:244BC2:1420B21:1A97FD9:696EC7DC,,,,,,,,,,,,,,,,,,,,,,,,,,,,,,,,,,,,,,,,,,,,,,,,,,,,,,,,,,,,,,,,,,,,,,,,,,,,,,,,,,,,,,,,,,,,,,,,,,,,,,,,,,,,,,,,,,,,,,,,,,,,,,,,3258720997,,,,,,,,,,,,,,,,,,,,,,,202541-dor,"Mozilla/5.0 (Macintosh; Intel Mac OS X 10_15_7) AppleWebKit/605.1.15 (KHTML, like Gecko) Version/26.2 Safari/605.1.15",,,243700058,,,,,,,,,,,,,,,,,
1768867613586,ofmnzoWPeyW00QFkD4qYAw,,oauth_access.regenerate,,,,,,,202541-dor,243700058,,,,,,,,,,,,,,,,,,,,,,,,,,,,,,,,,,,,,,,,,,,,,,,,,,,,,,,,,,,,,,,,,,,,,,,,1768867613586,,,,,,,,,,,,,,,,,,,,,,,,,,,,,,,,,,,,,,,,,,,,,,,,,,,,,,,,,,,,,,,,,,,,,,,,,,,,,,,,,+PsubhGJ7975PdhvJBMULgoOU4Clc5ZCr+GrH1/BTu8=,,,,,,,,GitHub Codespaces,,,,,,,,,,,,,,,,,,,,,,,,,,,,,,,,,,,,,,,,,,,,,,,,,,,,,,,,,,,,,,,,,,,,,,,,,,,,,,,,,,,,,,,,,,,,,,,,,,,,,,,,,,,,,,,,,,,,,,,,,,,,,,,,,modify,,,,,,,,,,,,,,,,,,,,,,,,,,,,,,,,,,,,,,,,,,,,,,,,,,,,,,,,,,,,,,,,,,,,,,,,,,,,,,,,,,,8EAF:244BC2:13E54CB:1A4B78F:696EC71C,,,,,,,,,,,,,,,,,,,,,,,,,,,,,,,,,,,,,,,,,,,,,,,,,,,,,,,,,,,,,,,,,,,,,,,,,,,,,,,,,,,,,,,,,,,,,,,,,,,,,,,,,,,,,,,,,,,,,,,,,,,,,,,,3258710681,,,,,,,,,,,,,,,,,,,,,,,202541-dor,"Mozilla/5.0 (Macintosh; Intel Mac OS X 10_15_7) AppleWebKit/605.1.15 (KHTML, like Gecko) Version/26.2 Safari/605.1.15",,,243700058,,,,,,,,,,,,,,,,,
1768867574150,fy9JZvUBNeIR9_hcTG2ihQ,,oauth_access.regenerate,,,,,,,202541-dor,243700058,,,,,,,,,,,,,,,,,,,,,,,,,,,,,,,,,,,,,,,,,,,,,,,,,,,,,,,,,,,,,,,,,,,,,,,,1768867574150,,,,,,,,,,,,,,,,,,,,,,,,,,,,,,,,,,,,,,,,,,,,,,,,,,,,,,,,,,,,,,,,,,,,,,,,,,,,,,,,,KxRnTyiNppSPspxrXTo+sjygiYd2MPqxdCn2eCMBIxo=,,,,,,,,GitHub Codespaces,,,,,,,,,,,,,,,,,,,,,,,,,,,,,,,,,,,,,,,,,,,,,,,,,,,,,,,,,,,,,,,,,,,,,,,,,,,,,,,,,,,,,,,,,,,,,,,,,,,,,,,,,,,,,,,,,,,,,,,,,,,,,,,,,modify,,,,,,,,,,,,,,,,,,,,,,,,,,,,,,,,,,,,,,,,,,,,,,,,,,,,,,,,,,,,,,,,,,,,,,,,,,,,,,,,,,,8EF3:DD69B:1EFB23D:294C9B8:696EC6F5,,,,,,,,,,,,,,,,,,,,,,,,,,,,,,,,,,,,,,,,,,,,,,,,,,,,,,,,,,,,,,,,,,,,,,,,,,,,,,,,,,,,,,,,,,,,,,,,,,,,,,,,,,,,,,,,,,,,,,,,,,,,,,,,3258708583,,,,,,,,,,,,,,,,,,,,,,,202541-dor,"Mozilla/5.0 (Macintosh; Intel Mac OS X 10_15_7) AppleWebKit/605.1.15 (KHTML, like Gecko) Version/26.2 Safari/605.1.15",,,243700058,,,,,,,,,,,,,,,,,
1768867563566,YLZkqDnrQC7Ooag2b8YG4w,,oauth_access.regenerate,,,,,,,202541-dor,243700058,,,,,,,,,,,,,,,,,,,,,,,,,,,,,,,,,,,,,,,,,,,,,,,,,,,,,,,,,,,,,,,,,,,,,,,,1768867563566,,,,,,,,,,,,,,,,,,,,,,,,,,,,,,,,,,,,,,,,,,,,,,,,,,,,,,,,,,,,,,,,,,,,,,,,,,,,,,,,,274fXMRSaibo3Xar6D/KEwj9VgVgVRdmfFbAffoOFVw=,,,,,,,,GitHub Codespaces,,,,,,,,,,,,,,,,,,,,,,,,,,,,,,,,,,,,,,,,,,,,,,,,,,,,,,,,,,,,,,,,,,,,,,,,,,,,,,,,,,,,,,,,,,,,,,,,,,,,,,,,,,,,,,,,,,,,,,,,,,,,,,,,,modify,,,,,,,,,,,,,,,,,,,,,,,,,,,,,,,,,,,,,,,,,,,,,,,,,,,,,,,,,,,,,,,,,,,,,,,,,,,,,,,,,,,8EF3:DD69B:1EF7C0E:2948390:696EC6DC,,,,,,,,,,,,,,,,,,,,,,,,,,,,,,,,,,,,,,,,,,,,,,,,,,,,,,,,,,,,,,,,,,,,,,,,,,,,,,,,,,,,,,,,,,,,,,,,,,,,,,,,,,,,,,,,,,,,,,,,,,,,,,,,3258707992,,,,,,,,,,,,,,,,,,,,,,,202541-dor,"Mozilla/5.0 (Macintosh; Intel Mac OS X 10_15_7) AppleWebKit/605.1.15 (KHTML, like Gecko) Version/26.2 Safari/605.1.15",,,243700058,,,,,,,,,,,,,,,,,
1768867407959,o2KySW0_L-eb1I8OjNESlQ,,oauth_access.regenerate,,,,,,,202541-dor,243700058,,,,,,,,,,,,,,,,,,,,,,,,,,,,,,,,,,,,,,,,,,,,,,,,,,,,,,,,,,,,,,,,,,,,,,,,1768867407959,,,,,,,,,,,,,,,,,,,,,,,,,,,,,,,,,,,,,,,,,,,,,,,,,,,,,,,,,,,,,,,,,,,,,,,,,,,,,,,,,Ng2AWPdjrc+zqQrVRZfTSYBJQaRWYu+Wi+pjJZYAm+M=,,,,,,,,GitHub Codespaces,,,,,,,,,,,,,,,,,,,,,,,,,,,,,,,,,,,,,,,,,,,,,,,,,,,,,,,,,,,,,,,,,,,,,,,,,,,,,,,,,,,,,,,,,,,,,,,,,,,,,,,,,,,,,,,,,,,,,,,,,,,,,,,,,modify,,,,,,,,,,,,,,,,,,,,,,,,,,,,,,,,,,,,,,,,,,,,,,,,,,,,,,,,,,,,,,,,,,,,,,,,,,,,,,,,,,,94D2:3ED7C1:1EB3D4B:291D643:696EC64F,,,,,,,,,,,,,,,,,,,,,,,,,,,,,,,,,,,,,,,,,,,,,,,,,,,,,,,,,,,,,,,,,,,,,,,,,,,,,,,,,,,,,,,,,,,,,,,,,,,,,,,,,,,,,,,,,,,,,,,,,,,,,,,,3258699677,,,,,,,,,,,,,,,,,,,,,,,202541-dor,"Mozilla/5.0 (Macintosh; Intel Mac OS X 10_15_7) AppleWebKit/605.1.15 (KHTML, like Gecko) Version/26.2 Safari/605.1.15",,,243700058,,,,,,,,,,,,,,,,,
1768867392433,7wtyIWdo_NablMRWPNSBdA,,oauth_access.regenerate,,,,,,,202541-dor,243700058,,,,,,,,,,,,,,,,,,,,,,,,,,,,,,,,,,,,,,,,,,,,,,,,,,,,,,,,,,,,,,,,,,,,,,,,1768867392433,,,,,,,,,,,,,,,,,,,,,,,,,,,,,,,,,,,,,,,,,,,,,,,,,,,,,,,,,,,,,,,,,,,,,,,,,,,,,,,,,8ebdVJsjC23NEYL3NcR6rVOvOSnjV2ywh3nZ5mtfjjk=,,,,,,,,GitHub Codespaces,,,,,,,,,,,,,,,,,,,,,,,,,,,,,,,,,,,,,,,,,,,,,,,,,,,,,,,,,,,,,,,,,,,,,,,,,,,,,,,,,,,,,,,,,,,,,,,,,,,,,,,,,,,,,,,,,,,,,,,,,,,,,,,,,modify,,,,,,,,,,,,,,,,,,,,,,,,,,,,,,,,,,,,,,,,,,,,,,,,,,,,,,,,,,,,,,,,,,,,,,,,,,,,,,,,,,,94D2:3ED7C1:1EAF23C:2917398:696EC638,,,,,,,,,,,,,,,,,,,,,,,,,,,,,,,,,,,,,,,,,,,,,,,,,,,,,,,,,,,,,,,,,,,,,,,,,,,,,,,,,,,,,,,,,,,,,,,,,,,,,,,,,,,,,,,,,,,,,,,,,,,,,,,,3258698851,,,,,,,,,,,,,,,,,,,,,,,202541-dor,"Mozilla/5.0 (Macintosh; Intel Mac OS X 10_15_7) AppleWebKit/605.1.15 (KHTML, like Gecko) Version/26.2 Safari/605.1.15",,,243700058,,,,,,,,,,,,,,,,,
1768867382970,YP-UFbeFg4Qu4nXk9lo9jA,,oauth_access.regenerate,,,,,,,202541-dor,243700058,,,,,,,,,,,,,,,,,,,,,,,,,,,,,,,,,,,,,,,,,,,,,,,,,,,,,,,,,,,,,,,,,,,,,,,,1768867382970,,,,,,,,,,,,,,,,,,,,,,,,,,,,,,,,,,,,,,,,,,,,,,,,,,,,,,,,,,,,,,,,,,,,,,,,,,,,,,,,,MXPUUT+IZQcYPOsqkrAu3TQVGiR7hVLPmZYkoxB59Y8=,,,,,,,,GitHub Codespaces,,,,,,,,,,,,,,,,,,,,,,,,,,,,,,,,,,,,,,,,,,,,,,,,,,,,,,,,,,,,,,,,,,,,,,,,,,,,,,,,,,,,,,,,,,,,,,,,,,,,,,,,,,,,,,,,,,,,,,,,,,,,,,,,,modify,,,,,,,,,,,,,,,,,,,,,,,,,,,,,,,,,,,,,,,,,,,,,,,,,,,,,,,,,,,,,,,,,,,,,,,,,,,,,,,,,,,94D2:3ED7C1:1EABCF6:2912E91:696EC635,,,,,,,,,,,,,,,,,,,,,,,,,,,,,,,,,,,,,,,,,,,,,,,,,,,,,,,,,,,,,,,,,,,,,,,,,,,,,,,,,,,,,,,,,,,,,,,,,,,,,,,,,,,,,,,,,,,,,,,,,,,,,,,,3258698376,,,,,,,,,,,,,,,,,,,,,,,202541-dor,"Mozilla/5.0 (Macintosh; Intel Mac OS X 10_15_7) AppleWebKit/605.1.15 (KHTML, like Gecko) Version/26.2 Safari/605.1.15",,,243700058,,,,,,,,,,,,,,,,,
1768867382037,-a3VOy9RQ7RpZYIovIfBbQ,,oauth_access.regenerate,,,,,,,202541-dor,243700058,,,,,,,,,,,,,,,,,,,,,,,,,,,,,,,,,,,,,,,,,,,,,,,,,,,,,,,,,,,,,,,,,,,,,,,,1768867382037,,,,,,,,,,,,,,,,,,,,,,,,,,,,,,,,,,,,,,,,,,,,,,,,,,,,,,,,,,,,,,,,,,,,,,,,,,,,,,,,,PnwpaVu3wdQbO69QtsbmfDEvkJu0zvNjKAnGC1pETJA=,,,,,,,,GitHub Codespaces,,,,,,,,,,,,,,,,,,,,,,,,,,,,,,,,,,,,,,,,,,,,,,,,,,,,,,,,,,,,,,,,,,,,,,,,,,,,,,,,,,,,,,,,,,,,,,,,,,,,,,,,,,,,,,,,,,,,,,,,,,,,,,,,,modify,,,,,,,,,,,,,,,,,,,,,,,,,,,,,,,,,,,,,,,,,,,,,,,,,,,,,,,,,,,,,,,,,,,,,,,,,,,,,,,,,,,94D2:3ED7C1:1EABCE8:2912E7E:696EC62E,,,,,,,,,,,,,,,,,,,,,,,,,,,,,,,,,,,,,,,,,,,,,,,,,,,,,,,,,,,,,,,,,,,,,,,,,,,,,,,,,,,,,,,,,,,,,,,,,,,,,,,,,,,,,,,,,,,,,,,,,,,,,,,,3258698355,,,,,,,,,,,,,,,,,,,,,,,202541-dor,"Mozilla/5.0 (Macintosh; Intel Mac OS X 10_15_7) AppleWebKit/605.1.15 (KHTML, like Gecko) Version/26.2 Safari/605.1.15",,,243700058,,,,,,,,,,,,,,,,,
1768867373800,QEgEEnqOrHzxZG8PBQVeHw,,oauth_access.regenerate,,,,,,,202541-dor,243700058,,,,,,,,,,,,,,,,,,,,,,,,,,,,,,,,,,,,,,,,,,,,,,,,,,,,,,,,,,,,,,,,,,,,,,,,1768867373800,,,,,,,,,,,,,,,,,,,,,,,,,,,,,,,,,,,,,,,,,,,,,,,,,,,,,,,,,,,,,,,,,,,,,,,,,,,,,,,,,UwK3AaAw1IQXynGdXx0RrEI13J8R6rOWuKVAZyzl3IE=,,,,,,,,GitHub Codespaces,,,,,,,,,,,,,,,,,,,,,,,,,,,,,,,,,,,,,,,,,,,,,,,,,,,,,,,,,,,,,,,,,,,,,,,,,,,,,,,,,,,,,,,,,,,,,,,,,,,,,,,,,,,,,,,,,,,,,,,,,,,,,,,,,modify,,,,,,,,,,,,,,,,,,,,,,,,,,,,,,,,,,,,,,,,,,,,,,,,,,,,,,,,,,,,,,,,,,,,,,,,,,,,,,,,,,,94D2:3ED7C1:1EA9519:290FABF:696EC623,,,,,,,,,,,,,,,,,,,,,,,,,,,,,,,,,,,,,,,,,,,,,,,,,,,,,,,,,,,,,,,,,,,,,,,,,,,,,,,,,,,,,,,,,,,,,,,,,,,,,,,,,,,,,,,,,,,,,,,,,,,,,,,,3258697911,,,,,,,,,,,,,,,,,,,,,,,202541-dor,"Mozilla/5.0 (Macintosh; Intel Mac OS X 10_15_7) AppleWebKit/605.1.15 (KHTML, like Gecko) Version/26.2 Safari/605.1.15",,,243700058,,,,,,,,,,,,,,,,,
1768867252317,S3TU3k52Oq-TvvwgGuHp3A,,oauth_access.regenerate,,,,,,,202541-dor,243700058,,,,,,,,,,,,,,,,,,,,,,,,,,,,,,,,,,,,,,,,,,,,,,,,,,,,,,,,,,,,,,,,,,,,,,,,1768867252317,,,,,,,,,,,,,,,,,,,,,,,,,,,,,,,,,,,,,,,,,,,,,,,,,,,,,,,,,,,,,,,,,,,,,,,,,,,,,,,,,RX2rki/jQZEG/5ZcWdlNq25jjCQZNfNPiIB9xaCVmsQ=,,,,,,,,GitHub Codespaces,,,,,,,,,,,,,,,,,,,,,,,,,,,,,,,,,,,,,,,,,,,,,,,,,,,,,,,,,,,,,,,,,,,,,,,,,,,,,,,,,,,,,,,,,,,,,,,,,,,,,,,,,,,,,,,,,,,,,,,,,,,,,,,,,modify,,,,,,,,,,,,,,,,,,,,,,,,,,,,,,,,,,,,,,,,,,,,,,,,,,,,,,,,,,,,,,,,,,,,,,,,,,,,,,,,,,,6D28:1EBE8D:12E2BE4:1908898:696EC5B3,,,,,,,,,,,,,,,,,,,,,,,,,,,,,,,,,,,,,,,,,,,,,,,,,,,,,,,,,,,,,,,,,,,,,,,,,,,,,,,,,,,,,,,,,,,,,,,,,,,,,,,,,,,,,,,,,,,,,,,,,,,,,,,,3258691476,,,,,,,,,,,,,,,,,,,,,,,202541-dor,"Mozilla/5.0 (Macintosh; Intel Mac OS X 10_15_7) AppleWebKit/605.1.15 (KHTML, like Gecko) Version/26.2 Safari/605.1.15",,,243700058,,,,,,,,,,,,,,,,,
1768867252204,H1LANB6zW4q0c-f67dE0bA,,oauth_access.regenerate,,,,,,,202541-dor,243700058,,,,,,,,,,,,,,,,,,,,,,,,,,,,,,,,,,,,,,,,,,,,,,,,,,,,,,,,,,,,,,,,,,,,,,,,1768867252204,,,,,,,,,,,,,,,,,,,,,,,,,,,,,,,,,,,,,,,,,,,,,,,,,,,,,,,,,,,,,,,,,,,,,,,,,,,,,,,,,Kbjhl8dm1KNZpxJVB1ejDIo1HRaouMUTHsTH5Tev9Do=,,,,,,,,GitHub Codespaces,,,,,,,,,,,,,,,,,,,,,,,,,,,,,,,,,,,,,,,,,,,,,,,,,,,,,,,,,,,,,,,,,,,,,,,,,,,,,,,,,,,,,,,,,,,,,,,,,,,,,,,,,,,,,,,,,,,,,,,,,,,,,,,,,modify,,,,,,,,,,,,,,,,,,,,,,,,,,,,,,,,,,,,,,,,,,,,,,,,,,,,,,,,,,,,,,,,,,,,,,,,,,,,,,,,,,,6D28:1EBE8D:12E2BFA:19088B7:696EC5B3,,,,,,,,,,,,,,,,,,,,,,,,,,,,,,,,,,,,,,,,,,,,,,,,,,,,,,,,,,,,,,,,,,,,,,,,,,,,,,,,,,,,,,,,,,,,,,,,,,,,,,,,,,,,,,,,,,,,,,,,,,,,,,,,3258691477,,,,,,,,,,,,,,,,,,,,,,,202541-dor,"Mozilla/5.0 (Macintosh; Intel Mac OS X 10_15_7) AppleWebKit/605.1.15 (KHTML, like Gecko) Version/26.2 Safari/605.1.15",,,243700058,,,,,,,,,,,,,,,,,
1768867199476,xmzASD01ncA2E32eJ833mg,,oauth_access.regenerate,,,,,,,202541-dor,243700058,,,,,,,,,,,,,,,,,,,,,,,,,,,,,,,,,,,,,,,,,,,,,,,,,,,,,,,,,,,,,,,,,,,,,,,,1768867199476,,,,,,,,,,,,,,,,,,,,,,,,,,,,,,,,,,,,,,,,,,,,,,,,,,,,,,,,,,,,,,,,,,,,,,,,,,,,,,,,,8HDHTBlSZUsiBBzO3bHHqMhh93H8U+6WbNrybB9Lft0=,,,,,,,,GitHub Codespaces,,,,,,,,,,,,,,,,,,,,,,,,,,,,,,,,,,,,,,,,,,,,,,,,,,,,,,,,,,,,,,,,,,,,,,,,,,,,,,,,,,,,,,,,,,,,,,,,,,,,,,,,,,,,,,,,,,,,,,,,,,,,,,,,,modify,,,,,,,,,,,,,,,,,,,,,,,,,,,,,,,,,,,,,,,,,,,,,,,,,,,,,,,,,,,,,,,,,,,,,,,,,,,,,,,,,,,3814:2ABBC9:1FAEBB7:2AA3A3F:696EC570,,,,,,,,,,,,,,,,,,,,,,,,,,,,,,,,,,,,,,,,,,,,,,,,,,,,,,,,,,,,,,,,,,,,,,,,,,,,,,,,,,,,,,,,,,,,,,,,,,,,,,,,,,,,,,,,,,,,,,,,,,,,,,,,3258688672,,,,,,,,,,,,,,,,,,,,,,,202541-dor,"Mozilla/5.0 (Macintosh; Intel Mac OS X 10_15_7) AppleWebKit/605.1.15 (KHTML, like Gecko) Version/26.2 Safari/605.1.15",,,243700058,,,,,,,,,,,,,,,,,
1768865021572,QV5IwymLhQIyuyK_60tWOg,,oauth_access.regenerate,,,,,,,202541-dor,243700058,,,,,,,,,,,,,,,,,,,,,,,,,,,,,,,,,,,,,,,,,,,,,,,,,,,,,,,,,,,,,,,,,,,,,,,,1768865021572,,,,,,,,,,,,,,,,,,,,,,,,,,,,,,,,,,,,,,,,,,,,,,,,,,,,,,,,,,,,,,,,,,,,,,,,,,,,,,,,,u65I/dLoydQcVJ5G23KKzbB/fND8j1rruI95DG3Itq0=,,,,,,,,Copilot Chat App,,,,,,,,,,,,,,,,,,,,,,,,,,,,,,,,,,,,,,,,,,,,,,,,,,,,,,,,,,,,,,,,,,,,,,,,,,,,,,,,,,,,,,,,,,,,,,,,,,,,,,,,,,,,,,,,,,,,,,,,,,,,,,,,,modify,,,,,,,,,,,,,,,,,,,,,,,,,,,,,,,,,,,,,,,,,,,,,,,,,,,,,,,,,,,,,,,,,,,,,,,,,,,,,,,,,,,5548:3EC154:1B806EC:24ADA0E:696EBCFD,,,,,,,,,,,,,,,,,,,,,,,,,,,,,,,,,,,,,,,,,,,,,,,,,,,,,,,,,,,,,,,,,,,,,,,,,,,,,,,,,,,,,,,,,,,,,,,,,,,,,,,,,,,,,,,,,,,,,,,,,,,,,,,,3258573345,,,,,,,,,,,,,,,,,,,,,,,202541-dor,"Mozilla/5.0 (Macintosh; Intel Mac OS X 10_15_7) AppleWebKit/605.1.15 (KHTML, like Gecko) Version/26.2 Safari/605.1.15",,,243700058,,,,,,,,,,,,,,,,,
1768861524363,nm5MPRBnHCqaKZSpK99kaQ,,oauth_access.regenerate,,,,,,,202541-dor,243700058,,,,,,,,,,,,,,,,,,,,,,,,,,,,,,,,,,,,,,,,,,,,,,,,,,,,,,,,,,,,,,,,,,,,,,,,1768861524363,,,,,,,,,,,,,,,,,,,,,,,,,,,,,,,,,,,,,,,,,,,,,,,,,,,,,,,,,,,,,,,,,,,,,,,,,,,,,,,,,rAWKkK0TcAfmDMi0spm1XLFYs+CKlQpOQrRjeBugwTg=,,,,,,,,Copilot Chat App,,,,,,,,,,,,,,,,,,,,,,,,,,,,,,,,,,,,,,,,,,,,,,,,,,,,,,,,,,,,,,,,,,,,,,,,,,,,,,,,,,,,,,,,,,,,,,,,,,,,,,,,,,,,,,,,,,,,,,,,,,,,,,,,,modify,,,,,,,,,,,,,,,,,,,,,,,,,,,,,,,,,,,,,,,,,,,,,,,,,,,,,,,,,,,,,,,,,,,,,,,,,,,,,,,,,,,28A0:59736:BA9C13:F887FA:696EAF53,,,,,,,,,,,,,,,,,,,,,,,,,,,,,,,,,,,,,,,,,,,,,,,,,,,,,,,,,,,,,,,,,,,,,,,,,,,,,,,,,,,,,,,,,,,,,,,,,,,,,,,,,,,,,,,,,,,,,,,,,,,,,,,,3258366454,,,,,,,,,,,,,,,,,,,,,,,202541-dor,"Mozilla/5.0 (Macintosh; Intel Mac OS X 10_15_7) AppleWebKit/605.1.15 (KHTML, like Gecko) Version/26.2 Safari/605.1.15",,,243700058,,,,,,,,,,,,,,,,,
1768859462178,hhgThHYHmmy7Bfbyvy9VXQ,,oauth_access.regenerate,,,,,,,202541-dor,243700058,,,,,,,,,,,,,,,,,,,,,,,,,,,,,,,,,,,,,,,,,,,,,,,,,,,,,,,,,,,,,,,,,,,,,,,,1768859462178,,,,,,,,,,,,,,,,,,,,,,,,,,,,,,,,,,,,,,,,,,,,,,,,,,,,,,,,,,,,,,,,,,,,,,,,,,,,,,,,,aKp82p8VALeffIXkVEVETTJVQUh4MMUs/d3gYVgpbeE=,,,,,,,,Copilot Chat App,,,,,,,,,,,,,,,,,,,,,,,,,,,,,,,,,,,,,,,,,,,,,,,,,,,,,,,,,,,,,,,,,,,,,,,,,,,,,,,,,,,,,,,,,,,,,,,,,,,,,,,,,,,,,,,,,,,,,,,,,,,,,,,,,modify,,,,,,,,,,,,,,,,,,,,,,,,,,,,,,,,,,,,,,,,,,,,,,,,,,,,,,,,,,,,,,,,,,,,,,,,,,,,,,,,,,,47C0:C9A7:964A86:C8A49E:696EA745,,,,,,,,,,,,,,,,,,,,,,,,,,,,,,,,,,,,,,,,,,,,,,,,,,,,,,,,,,,,,,,,,,,,,,,,,,,,,,,,,,,,,,,,,,,,,,,,,,,,,,,,,,,,,,,,,,,,,,,,,,,,,,,,3258228944,,,,,,,,,,,,,,,,,,,,,,,202541-dor,"Mozilla/5.0 (Macintosh; Intel Mac OS X 10_15_7) AppleWebKit/605.1.15 (KHTML, like Gecko) Version/26.2 Safari/605.1.15",,,243700058,,,,,,,,,,,,,,,,,
1768859047586,dkFJfnb6QfUk-4fP9NIMwg,,oauth_access.regenerate,,,,,,,202541-dor,243700058,,,,,,,,,,,,,,,,,,,,,,,,,,,,,,,,,,,,,,,,,,,,,,,,,,,,,,,,,,,,,,,,,,,,,,,,1768859047586,,,,,,,,,,,,,,,,,,,,,,,,,,,,,,,,,,,,,,,,,,,,,,,,,,,,,,,,,,,,,,,,,,,,,,,,,,,,,,,,,xaeCurtSobWsCAdK07dobi1NiCvqFg0cRs+zmdarqf4=,,,,,,,,GitHub Codespaces,,,,,,,,,,,,,,,,,,,,,,,,,,,,,,,,,,,,,,,,,,,,,,,,,,,,,,,,,,,,,,,,,,,,,,,,,,,,,,,,,,,,,,,,,,,,,,,,,,,,,,,,,,,,,,,,,,,,,,,,,,,,,,,,,modify,,,,,,,,,,,,,,,,,,,,,,,,,,,,,,,,,,,,,,,,,,,,,,,,,,,,,,,,,,,,,,,,,,,,,,,,,,,,,,,,,,,7B6A:244BC2:99A889:CD6222:696EA5A5,,,,,,,,,,,,,,,,,,,,,,,,,,,,,,,,,,,,,,,,,,,,,,,,,,,,,,,,,,,,,,,,,,,,,,,,,,,,,,,,,,,,,,,,,,,,,,,,,,,,,,,,,,,,,,,,,,,,,,,,,,,,,,,,3258200019,,,,,,,,,,,,,,,,,,,,,,,202541-dor,"Mozilla/5.0 (Macintosh; Intel Mac OS X 10_15_7) AppleWebKit/605.1.15 (KHTML, like Gecko) Version/26.2 Safari/605.1.15",,,243700058,,,,,,,,,,,,,,,,,
1768859044906,pRcONBTqt2tyNj98YnMWeA,,oauth_access.regenerate,,,,,,,202541-dor,243700058,,,,,,,,,,,,,,,,,,,,,,,,,,,,,,,,,,,,,,,,,,,,,,,,,,,,,,,,,,,,,,,,,,,,,,,,1768859044906,,,,,,,,,,,,,,,,,,,,,,,,,,,,,,,,,,,,,,,,,,,,,,,,,,,,,,,,,,,,,,,,,,,,,,,,,,,,,,,,,PVocfvqzUnT71cuSwkOzqX8rOm+IqHfkZpqa9Vs+tp8=,,,,,,,,GitHub Codespaces,,,,,,,,,,,,,,,,,,,,,,,,,,,,,,,,,,,,,,,,,,,,,,,,,,,,,,,,,,,,,,,,,,,,,,,,,,,,,,,,,,,,,,,,,,,,,,,,,,,,,,,,,,,,,,,,,,,,,,,,,,,,,,,,,modify,,,,,,,,,,,,,,,,,,,,,,,,,,,,,,,,,,,,,,,,,,,,,,,,,,,,,,,,,,,,,,,,,,,,,,,,,,,,,,,,,,,7B6A:244BC2:9999B1:CD4EB9:696EA59E,,,,,,,,,,,,,,,,,,,,,,,,,,,,,,,,,,,,,,,,,,,,,,,,,,,,,,,,,,,,,,,,,,,,,,,,,,,,,,,,,,,,,,,,,,,,,,,,,,,,,,,,,,,,,,,,,,,,,,,,,,,,,,,,3258199822,,,,,,,,,,,,,,,,,,,,,,,202541-dor,"Mozilla/5.0 (Macintosh; Intel Mac OS X 10_15_7) AppleWebKit/605.1.15 (KHTML, like Gecko) Version/26.2 Safari/605.1.15",,,243700058,,,,,,,,,,,,,,,,,
1768859037687,2ackuBaOXFgxYGHaXcsV-A,,oauth_access.regenerate,,,,,,,202541-dor,243700058,,,,,,,,,,,,,,,,,,,,,,,,,,,,,,,,,,,,,,,,,,,,,,,,,,,,,,,,,,,,,,,,,,,,,,,,1768859037687,,,,,,,,,,,,,,,,,,,,,,,,,,,,,,,,,,,,,,,,,,,,,,,,,,,,,,,,,,,,,,,,,,,,,,,,,,,,,,,,,+8DTkRl0qwIDGbKqXg+pV6utYzlpd3IpBkLi72Ad/gE=,,,,,,,,GitHub Codespaces,,,,,,,,,,,,,,,,,,,,,,,,,,,,,,,,,,,,,,,,,,,,,,,,,,,,,,,,,,,,,,,,,,,,,,,,,,,,,,,,,,,,,,,,,,,,,,,,,,,,,,,,,,,,,,,,,,,,,,,,,,,,,,,,,modify,,,,,,,,,,,,,,,,,,,,,,,,,,,,,,,,,,,,,,,,,,,,,,,,,,,,,,,,,,,,,,,,,,,,,,,,,,,,,,,,,,,7B6A:244BC2:996F98:CD18D4:696EA59D,,,,,,,,,,,,,,,,,,,,,,,,,,,,,,,,,,,,,,,,,,,,,,,,,,,,,,,,,,,,,,,,,,,,,,,,,,,,,,,,,,,,,,,,,,,,,,,,,,,,,,,,,,,,,,,,,,,,,,,,,,,,,,,,3258199319,,,,,,,,,,,,,,,,,,,,,,,202541-dor,"Mozilla/5.0 (Macintosh; Intel Mac OS X 10_15_7) AppleWebKit/605.1.15 (KHTML, like Gecko) Version/26.2 Safari/605.1.15",,,243700058,,,,,,,,,,,,,,,,,
1768859036595,CDvcZHIoYSeYt_7EKCmNpw,,oauth_access.regenerate,,,,,,,202541-dor,243700058,,,,,,,,,,,,,,,,,,,,,,,,,,,,,,,,,,,,,,,,,,,,,,,,,,,,,,,,,,,,,,,,,,,,,,,,1768859036595,,,,,,,,,,,,,,,,,,,,,,,,,,,,,,,,,,,,,,,,,,,,,,,,,,,,,,,,,,,,,,,,,,,,,,,,,,,,,,,,,5piBwodLBz7Qc9CIGolKXw8aHFXZPZsBaNwwo2bEqFY=,,,,,,,,GitHub Codespaces,,,,,,,,,,,,,,,,,,,,,,,,,,,,,,,,,,,,,,,,,,,,,,,,,,,,,,,,,,,,,,,,,,,,,,,,,,,,,,,,,,,,,,,,,,,,,,,,,,,,,,,,,,,,,,,,,,,,,,,,,,,,,,,,,modify,,,,,,,,,,,,,,,,,,,,,,,,,,,,,,,,,,,,,,,,,,,,,,,,,,,,,,,,,,,,,,,,,,,,,,,,,,,,,,,,,,,7B6A:244BC2:9969DA:CD115F:696EA59C,,,,,,,,,,,,,,,,,,,,,,,,,,,,,,,,,,,,,,,,,,,,,,,,,,,,,,,,,,,,,,,,,,,,,,,,,,,,,,,,,,,,,,,,,,,,,,,,,,,,,,,,,,,,,,,,,,,,,,,,,,,,,,,,3258199245,,,,,,,,,,,,,,,,,,,,,,,202541-dor,"Mozilla/5.0 (Macintosh; Intel Mac OS X 10_15_7) AppleWebKit/605.1.15 (KHTML, like Gecko) Version/26.2 Safari/605.1.15",,,243700058,,,,,,,,,,,,,,,,,
1768859035438,OtoZwkq6AW8OtK5_YQwpgA,,oauth_access.regenerate,,,,,,,202541-dor,243700058,,,,,,,,,,,,,,,,,,,,,,,,,,,,,,,,,,,,,,,,,,,,,,,,,,,,,,,,,,,,,,,,,,,,,,,,1768859035438,,,,,,,,,,,,,,,,,,,,,,,,,,,,,,,,,,,,,,,,,,,,,,,,,,,,,,,,,,,,,,,,,,,,,,,,,,,,,,,,,kHCLdFCeOPe6Bf4fv2/0wJblt5HShMPQJ8hi3HfPuBI=,,,,,,,,GitHub Codespaces,,,,,,,,,,,,,,,,,,,,,,,,,,,,,,,,,,,,,,,,,,,,,,,,,,,,,,,,,,,,,,,,,,,,,,,,,,,,,,,,,,,,,,,,,,,,,,,,,,,,,,,,,,,,,,,,,,,,,,,,,,,,,,,,,modify,,,,,,,,,,,,,,,,,,,,,,,,,,,,,,,,,,,,,,,,,,,,,,,,,,,,,,,,,,,,,,,,,,,,,,,,,,,,,,,,,,,7B6A:244BC2:9963D9:CD0987:696EA59A,,,,,,,,,,,,,,,,,,,,,,,,,,,,,,,,,,,,,,,,,,,,,,,,,,,,,,,,,,,,,,,,,,,,,,,,,,,,,,,,,,,,,,,,,,,,,,,,,,,,,,,,,,,,,,,,,,,,,,,,,,,,,,,,3258199158,,,,,,,,,,,,,,,,,,,,,,,202541-dor,"Mozilla/5.0 (Macintosh; Intel Mac OS X 10_15_7) AppleWebKit/605.1.15 (KHTML, like Gecko) Version/26.2 Safari/605.1.15",,,243700058,,,,,,,,,,,,,,,,,
1768858979355,_7DlBspLCfBVYAOp7HmhDw,,oauth_access.regenerate,,,,,,,202541-dor,243700058,,,,,,,,,,,,,,,,,,,,,,,,,,,,,,,,,,,,,,,,,,,,,,,,,,,,,,,,,,,,,,,,,,,,,,,,1768858979355,,,,,,,,,,,,,,,,,,,,,,,,,,,,,,,,,,,,,,,,,,,,,,,,,,,,,,,,,,,,,,,,,,,,,,,,,,,,,,,,,Bif+JBR4PsU2kUwFmxHDirUtu083sGUbxIJMZyzKDfA=,,,,,,,,GitHub Codespaces,,,,,,,,,,,,,,,,,,,,,,,,,,,,,,,,,,,,,,,,,,,,,,,,,,,,,,,,,,,,,,,,,,,,,,,,,,,,,,,,,,,,,,,,,,,,,,,,,,,,,,,,,,,,,,,,,,,,,,,,,,,,,,,,,modify,,,,,,,,,,,,,,,,,,,,,,,,,,,,,,,,,,,,,,,,,,,,,,,,,,,,,,,,,,,,,,,,,,,,,,,,,,,,,,,,,,,6075:3C0C98:93D8DE:C70DCD:696EA550,,,,,,,,,,,,,,,,,,,,,,,,,,,,,,,,,,,,,,,,,,,,,,,,,,,,,,,,,,,,,,,,,,,,,,,,,,,,,,,,,,,,,,,,,,,,,,,,,,,,,,,,,,,,,,,,,,,,,,,,,,,,,,,,3258195169,,,,,,,,,,,,,,,,,,,,,,,202541-dor,"Mozilla/5.0 (Macintosh; Intel Mac OS X 10_15_7) AppleWebKit/605.1.15 (KHTML, like Gecko) Version/26.2 Safari/605.1.15",,,243700058,,,,,,,,,,,,,,,,,
1768858956097,I5-_eYgF-bMyKdX3e3CkFA,,oauth_access.regenerate,,,,,,,202541-dor,243700058,,,,,,,,,,,,,,,,,,,,,,,,,,,,,,,,,,,,,,,,,,,,,,,,,,,,,,,,,,,,,,,,,,,,,,,,1768858956097,,,,,,,,,,,,,,,,,,,,,,,,,,,,,,,,,,,,,,,,,,,,,,,,,,,,,,,,,,,,,,,,,,,,,,,,,,,,,,,,,pnQ47mxLT2L2Yg+/d6zYAoUUiAoArmxJE8++KHz4qsw=,,,,,,,,GitHub Codespaces,,,,,,,,,,,,,,,,,,,,,,,,,,,,,,,,,,,,,,,,,,,,,,,,,,,,,,,,,,,,,,,,,,,,,,,,,,,,,,,,,,,,,,,,,,,,,,,,,,,,,,,,,,,,,,,,,,,,,,,,,,,,,,,,,modify,,,,,,,,,,,,,,,,,,,,,,,,,,,,,,,,,,,,,,,,,,,,,,,,,,,,,,,,,,,,,,,,,,,,,,,,,,,,,,,,,,,6075:3C0C98:936449:C66FB7:696EA54B,,,,,,,,,,,,,,,,,,,,,,,,,,,,,,,,,,,,,,,,,,,,,,,,,,,,,,,,,,,,,,,,,,,,,,,,,,,,,,,,,,,,,,,,,,,,,,,,,,,,,,,,,,,,,,,,,,,,,,,,,,,,,,,,3258193552,,,,,,,,,,,,,,,,,,,,,,,202541-dor,"Mozilla/5.0 (Macintosh; Intel Mac OS X 10_15_7) AppleWebKit/605.1.15 (KHTML, like Gecko) Version/26.2 Safari/605.1.15",,,243700058,,,,,,,,,,,,,,,,,
1768858817442,5UZif_0jR7d_3fgfDcA43w,,oauth_access.regenerate,,,,,,,202541-dor,243700058,,,,,,,,,,,,,,,,,,,,,,,,,,,,,,,,,,,,,,,,,,,,,,,,,,,,,,,,,,,,,,,,,,,,,,,,1768858817442,,,,,,,,,,,,,,,,,,,,,,,,,,,,,,,,,,,,,,,,,,,,,,,,,,,,,,,,,,,,,,,,,,,,,,,,,,,,,,,,,0vEAIg6NNcabydTmeXhNPDOLexqpOo12Z3jzX2ovo2M=,,,,,,,,GitHub Codespaces,,,,,,,,,,,,,,,,,,,,,,,,,,,,,,,,,,,,,,,,,,,,,,,,,,,,,,,,,,,,,,,,,,,,,,,,,,,,,,,,,,,,,,,,,,,,,,,,,,,,,,,,,,,,,,,,,,,,,,,,,,,,,,,,,modify,,,,,,,,,,,,,,,,,,,,,,,,,,,,,,,,,,,,,,,,,,,,,,,,,,,,,,,,,,,,,,,,,,,,,,,,,,,,,,,,,,,6060:2CF5C1:154510A:1C8A9C8:696EA4C0,,,,,,,,,,,,,,,,,,,,,,,,,,,,,,,,,,,,,,,,,,,,,,,,,,,,,,,,,,,,,,,,,,,,,,,,,,,,,,,,,,,,,,,,,,,,,,,,,,,,,,,,,,,,,,,,,,,,,,,,,,,,,,,,3258183726,,,,,,,,,,,,,,,,,,,,,,,202541-dor,"Mozilla/5.0 (Macintosh; Intel Mac OS X 10_15_7) AppleWebKit/605.1.15 (KHTML, like Gecko) Version/26.2 Safari/605.1.15",,,243700058,,,,,,,,,,,,,,,,,
1768858816345,sprdqAukGlh4FTgkPoxmsw,,oauth_access.regenerate,,,,,,,202541-dor,243700058,,,,,,,,,,,,,,,,,,,,,,,,,,,,,,,,,,,,,,,,,,,,,,,,,,,,,,,,,,,,,,,,,,,,,,,,1768858816345,,,,,,,,,,,,,,,,,,,,,,,,,,,,,,,,,,,,,,,,,,,,,,,,,,,,,,,,,,,,,,,,,,,,,,,,,,,,,,,,,M4Punp0cu+T+FYPaQPg9pUTu8fjpbJwdj3TkQIrayIE=,,,,,,,,GitHub Codespaces,,,,,,,,,,,,,,,,,,,,,,,,,,,,,,,,,,,,,,,,,,,,,,,,,,,,,,,,,,,,,,,,,,,,,,,,,,,,,,,,,,,,,,,,,,,,,,,,,,,,,,,,,,,,,,,,,,,,,,,,,,,,,,,,,modify,,,,,,,,,,,,,,,,,,,,,,,,,,,,,,,,,,,,,,,,,,,,,,,,,,,,,,,,,,,,,,,,,,,,,,,,,,,,,,,,,,,6060:2CF5C1:1544864:1C89DD3:696EA4B5,,,,,,,,,,,,,,,,,,,,,,,,,,,,,,,,,,,,,,,,,,,,,,,,,,,,,,,,,,,,,,,,,,,,,,,,,,,,,,,,,,,,,,,,,,,,,,,,,,,,,,,,,,,,,,,,,,,,,,,,,,,,,,,,3258183648,,,,,,,,,,,,,,,,,,,,,,,202541-dor,"Mozilla/5.0 (Macintosh; Intel Mac OS X 10_15_7) AppleWebKit/605.1.15 (KHTML, like Gecko) Version/26.2 Safari/605.1.15",,,243700058,,,,,,,,,,,,,,,,,
1768858804922,nAaduXvuZiuTgrK8t53i8A,,oauth_access.regenerate,,,,,,,202541-dor,243700058,,,,,,,,,,,,,,,,,,,,,,,,,,,,,,,,,,,,,,,,,,,,,,,,,,,,,,,,,,,,,,,,,,,,,,,,1768858804922,,,,,,,,,,,,,,,,,,,,,,,,,,,,,,,,,,,,,,,,,,,,,,,,,,,,,,,,,,,,,,,,,,,,,,,,,,,,,,,,,Ge1MgcnnTwKgk7A9EfUhZHRj9DVB0SX5DJ7R1NzjQrk=,,,,,,,,GitHub Codespaces,,,,,,,,,,,,,,,,,,,,,,,,,,,,,,,,,,,,,,,,,,,,,,,,,,,,,,,,,,,,,,,,,,,,,,,,,,,,,,,,,,,,,,,,,,,,,,,,,,,,,,,,,,,,,,,,,,,,,,,,,,,,,,,,,modify,,,,,,,,,,,,,,,,,,,,,,,,,,,,,,,,,,,,,,,,,,,,,,,,,,,,,,,,,,,,,,,,,,,,,,,,,,,,,,,,,,,6060:2CF5C1:1540A4D:1C84B2A:696EA4AD,,,,,,,,,,,,,,,,,,,,,,,,,,,,,,,,,,,,,,,,,,,,,,,,,,,,,,,,,,,,,,,,,,,,,,,,,,,,,,,,,,,,,,,,,,,,,,,,,,,,,,,,,,,,,,,,,,,,,,,,,,,,,,,,3258182947,,,,,,,,,,,,,,,,,,,,,,,202541-dor,"Mozilla/5.0 (Macintosh; Intel Mac OS X 10_15_7) AppleWebKit/605.1.15 (KHTML, like Gecko) Version/26.2 Safari/605.1.15",,,243700058,,,,,,,,,,,,,,,,,
1768858797251,GE8LRI6YXQUR0M6YPmsp7w,,oauth_access.regenerate,,,,,,,202541-dor,243700058,,,,,,,,,,,,,,,,,,,,,,,,,,,,,,,,,,,,,,,,,,,,,,,,,,,,,,,,,,,,,,,,,,,,,,,,1768858797251,,,,,,,,,,,,,,,,,,,,,,,,,,,,,,,,,,,,,,,,,,,,,,,,,,,,,,,,,,,,,,,,,,,,,,,,,,,,,,,,,P6VbII2MDTzv1zBNb09Gr8ZVPHufsqUOTu0zK6lWH3k=,,,,,,,,GitHub Codespaces,,,,,,,,,,,,,,,,,,,,,,,,,,,,,,,,,,,,,,,,,,,,,,,,,,,,,,,,,,,,,,,,,,,,,,,,,,,,,,,,,,,,,,,,,,,,,,,,,,,,,,,,,,,,,,,,,,,,,,,,,,,,,,,,,modify,,,,,,,,,,,,,,,,,,,,,,,,,,,,,,,,,,,,,,,,,,,,,,,,,,,,,,,,,,,,,,,,,,,,,,,,,,,,,,,,,,,6060:2CF5C1:153D8A7:1C80A5E:696EA4A8,,,,,,,,,,,,,,,,,,,,,,,,,,,,,,,,,,,,,,,,,,,,,,,,,,,,,,,,,,,,,,,,,,,,,,,,,,,,,,,,,,,,,,,,,,,,,,,,,,,,,,,,,,,,,,,,,,,,,,,,,,,,,,,,3258182428,,,,,,,,,,,,,,,,,,,,,,,202541-dor,"Mozilla/5.0 (Macintosh; Intel Mac OS X 10_15_7) AppleWebKit/605.1.15 (KHTML, like Gecko) Version/26.2 Safari/605.1.15",,,243700058,,,,,,,,,,,,,,,,,
1768858791587,XQ92_0YVHSRzwIRGXkoIkQ,,oauth_access.regenerate,,,,,,,202541-dor,243700058,,,,,,,,,,,,,,,,,,,,,,,,,,,,,,,,,,,,,,,,,,,,,,,,,,,,,,,,,,,,,,,,,,,,,,,,1768858791587,,,,,,,,,,,,,,,,,,,,,,,,,,,,,,,,,,,,,,,,,,,,,,,,,,,,,,,,,,,,,,,,,,,,,,,,,,,,,,,,,kwaHkLmHsddW+tSgDkNQEElKL5WuEmrMzg9+2dkZzuU=,,,,,,,,GitHub Codespaces,,,,,,,,,,,,,,,,,,,,,,,,,,,,,,,,,,,,,,,,,,,,,,,,,,,,,,,,,,,,,,,,,,,,,,,,,,,,,,,,,,,,,,,,,,,,,,,,,,,,,,,,,,,,,,,,,,,,,,,,,,,,,,,,,modify,,,,,,,,,,,,,,,,,,,,,,,,,,,,,,,,,,,,,,,,,,,,,,,,,,,,,,,,,,,,,,,,,,,,,,,,,,,,,,,,,,,6060:2CF5C1:153BC62:1C7E384:696EA4A7,,,,,,,,,,,,,,,,,,,,,,,,,,,,,,,,,,,,,,,,,,,,,,,,,,,,,,,,,,,,,,,,,,,,,,,,,,,,,,,,,,,,,,,,,,,,,,,,,,,,,,,,,,,,,,,,,,,,,,,,,,,,,,,,3258182048,,,,,,,,,,,,,,,,,,,,,,,202541-dor,"Mozilla/5.0 (Macintosh; Intel Mac OS X 10_15_7) AppleWebKit/605.1.15 (KHTML, like Gecko) Version/26.2 Safari/605.1.15",,,243700058,,,,,,,,,,,,,,,,,
1768858790482,rMtgMtsSCoHacKn-QKFzOA,,oauth_access.regenerate,,,,,,,202541-dor,243700058,,,,,,,,,,,,,,,,,,,,,,,,,,,,,,,,,,,,,,,,,,,,,,,,,,,,,,,,,,,,,,,,,,,,,,,,1768858790482,,,,,,,,,,,,,,,,,,,,,,,,,,,,,,,,,,,,,,,,,,,,,,,,,,,,,,,,,,,,,,,,,,,,,,,,,,,,,,,,,vVGuCXWO7whnXGfU5uB6/6NtZaDSOWE+jQZI9ntRKLQ=,,,,,,,,GitHub Codespaces,,,,,,,,,,,,,,,,,,,,,,,,,,,,,,,,,,,,,,,,,,,,,,,,,,,,,,,,,,,,,,,,,,,,,,,,,,,,,,,,,,,,,,,,,,,,,,,,,,,,,,,,,,,,,,,,,,,,,,,,,,,,,,,,,modify,,,,,,,,,,,,,,,,,,,,,,,,,,,,,,,,,,,,,,,,,,,,,,,,,,,,,,,,,,,,,,,,,,,,,,,,,,,,,,,,,,,6060:2CF5C1:153B002:1C7D2FD:696EA4A2,,,,,,,,,,,,,,,,,,,,,,,,,,,,,,,,,,,,,,,,,,,,,,,,,,,,,,,,,,,,,,,,,,,,,,,,,,,,,,,,,,,,,,,,,,,,,,,,,,,,,,,,,,,,,,,,,,,,,,,,,,,,,,,,3258181954,,,,,,,,,,,,,,,,,,,,,,,202541-dor,"Mozilla/5.0 (Macintosh; Intel Mac OS X 10_15_7) AppleWebKit/605.1.15 (KHTML, like Gecko) Version/26.2 Safari/605.1.15",,,243700058,,,,,,,,,,,,,,,,,
1768857406424,0N6EGXxr8CzIXRX-nf2HEw,,oauth_access.regenerate,,,,,,,202541-dor,243700058,,,,,,,,,,,,,,,,,,,,,,,,,,,,,,,,,,,,,,,,,,,,,,,,,,,,,,,,,,,,,,,,,,,,,,,,1768857406424,,,,,,,,,,,,,,,,,,,,,,,,,,,,,,,,,,,,,,,,,,,,,,,,,,,,,,,,,,,,,,,,,,,,,,,,,,,,,,,,,Q/xbY3OYoiaoZDbAC2c8CNr6zfmHF5c1tdE74jEhW7I=,,,,,,,,Copilot Chat App,,,,,,,,,,,,,,,,,,,,,,,,,,,,,,,,,,,,,,,,,,,,,,,,,,,,,,,,,,,,,,,,,,,,,,,,,,,,,,,,,,,,,,,,,,,,,,,,,,,,,,,,,,,,,,,,,,,,,,,,,,,,,,,,,modify,,,,,,,,,,,,,,,,,,,,,,,,,,,,,,,,,,,,,,,,,,,,,,,,,,,,,,,,,,,,,,,,,,,,,,,,,,,,,,,,,,,983E:945DC:116AA8A:177BE11:696E9F3E,,,,,,,,,,,,,,,,,,,,,,,,,,,,,,,,,,,,,,,,,,,,,,,,,,,,,,,,,,,,,,,,,,,,,,,,,,,,,,,,,,,,,,,,,,,,,,,,,,,,,,,,,,,,,,,,,,,,,,,,,,,,,,,,3258082732,,,,,,,,,,,,,,,,,,,,,,,202541-dor,"Mozilla/5.0 (Macintosh; Intel Mac OS X 10_15_7) AppleWebKit/605.1.15 (KHTML, like Gecko) Version/26.2 Safari/605.1.15",,,243700058,,,,,,,,,,,,,,,,,
1768026167886,-a1u-JDnG5HpmpsIZ4TxkA,,oauth_access.regenerate,,,,,,,202541-dor,243700058,,,,,,,,,,,,,,,,,,,,,,,,,,,,,,,,,,,,,,,,,,,,,,,,,,,,,,,,,,,,,,,,,,,,,,,,1768026167886,,,,,,,,,,,,,,,,,,,,,,,,,,,,,,,,,,,,,,,,,,,,,,,,,,,,,,,,,,,,,,,,,,,,,,,,,,,,,,,,,AdzPWwwJEfhBgvBSuUq1Qhse2dDZKIv0xnWuYPPvvOE=,,,,,,,,GitHub Codespaces,,,,,,,,,,,,,,,,,,,,,,,,,,,,,,,,,,,,,,,,,,,,,,,,,,,,,,,,,,,,,,,,,,,,,,,,,,,,,,,,,,,,,,,,,,,,,,,,,,,,,,,,,,,,,,,,,,,,,,,,,,,,,,,,,modify,,,,,,,,,,,,,,,,,,,,,,,,,,,,,,,,,,,,,,,,,,,,,,,,,,,,,,,,,,,,,,,,,,,,,,,,,,,,,,,,,,,A857:1A0D73:37057B:484B6F:6961F036,,,,,,,,,,,,,,,,,,,,,,,,,,,,,,,,,,,,,,,,,,,,,,,,,,,,,,,,,,,,,,,,,,,,,,,,,,,,,,,,,,,,,,,,,,,,,,,,,,,,,,,,,,,,,,,,,,,,,,,,,,,,,,,,3192933482,,,,,,,,,,,,,,,,,,,,,,,202541-dor,"Mozilla/5.0 (iPhone; CPU iPhone OS 18_7 like Mac OS X) AppleWebKit/605.1.15 (KHTML, like Gecko) Version/26.1 Mobile/15E148 Safari/604.1",,,243700058,,,,,,,,,,,,,,,,,
1768026166419,rbw0n5SNkMJNjYAKIwXuaw,,oauth_access.regenerate,,,,,,,202541-dor,243700058,,,,,,,,,,,,,,,,,,,,,,,,,,,,,,,,,,,,,,,,,,,,,,,,,,,,,,,,,,,,,,,,,,,,,,,,1768026166419,,,,,,,,,,,,,,,,,,,,,,,,,,,,,,,,,,,,,,,,,,,,,,,,,,,,,,,,,,,,,,,,,,,,,,,,,,,,,,,,,f8VuvG9SC1XJhMCtctA8vuSiAtxU+Gngto8zwKLFUBc=,,,,,,,,GitHub Codespaces,,,,,,,,,,,,,,,,,,,,,,,,,,,,,,,,,,,,,,,,,,,,,,,,,,,,,,,,,,,,,,,,,,,,,,,,,,,,,,,,,,,,,,,,,,,,,,,,,,,,,,,,,,,,,,,,,,,,,,,,,,,,,,,,,modify,,,,,,,,,,,,,,,,,,,,,,,,,,,,,,,,,,,,,,,,,,,,,,,,,,,,,,,,,,,,,,,,,,,,,,,,,,,,,,,,,,,A857:1A0D73:36FDFA:4841AD:6961F031,,,,,,,,,,,,,,,,,,,,,,,,,,,,,,,,,,,,,,,,,,,,,,,,,,,,,,,,,,,,,,,,,,,,,,,,,,,,,,,,,,,,,,,,,,,,,,,,,,,,,,,,,,,,,,,,,,,,,,,,,,,,,,,,3192933406,,,,,,,,,,,,,,,,,,,,,,,202541-dor,"Mozilla/5.0 (iPhone; CPU iPhone OS 18_7 like Mac OS X) AppleWebKit/605.1.15 (KHTML, like Gecko) Version/26.1 Mobile/15E148 Safari/604.1",,,243700058,,,,,,,,,,,,,,,,,
1768025760933,LX7pAQgG3pYW6g-aOUw9Vg,,oauth_access.regenerate,,,,,,,202541-dor,243700058,,,,,,,,,,,,,,,,,,,,,,,,,,,,,,,,,,,,,,,,,,,,,,,,,,,,,,,,,,,,,,,,,,,,,,,,1768025760933,,,,,,,,,,,,,,,,,,,,,,,,,,,,,,,,,,,,,,,,,,,,,,,,,,,,,,,,,,,,,,,,,,,,,,,,,,,,,,,,,N81qeMcC/IedEnJpq5vwl8gAQqUi8bCevJ8imI+IdNM=,,,,,,,,Copilot Chat App,,,,,,,,,,,,,,,,,,,,,,,,,,,,,,,,,,,,,,,,,,,,,,,,,,,,,,,,,,,,,,,,,,,,,,,,,,,,,,,,,,,,,,,,,,,,,,,,,,,,,,,,,,,,,,,,,,,,,,,,,,,,,,,,,modify,,,,,,,,,,,,,,,,,,,,,,,,,,,,,,,,,,,,,,,,,,,,,,,,,,,,,,,,,,,,,,,,,,,,,,,,,,,,,,,,,,,9C87:3CB294:21DF8F:2CB5D3:6961EEA0,,,,,,,,,,,,,,,,,,,,,,,,,,,,,,,,,,,,,,,,,,,,,,,,,,,,,,,,,,,,,,,,,,,,,,,,,,,,,,,,,,,,,,,,,,,,,,,,,,,,,,,,,,,,,,,,,,,,,,,,,,,,,,,,3192916832,,,,,,,,,,,,,,,,,,,,,,,202541-dor,"Mozilla/5.0 (iPhone; CPU iPhone OS 18_7 like Mac OS X) AppleWebKit/605.1.15 (KHTML, like Gecko) Version/26.1 Mobile/15E148 Safari/604.1",,,243700058,,,,,,,,,,,,,,,,,
1763088800033,BpIUdjDNshDFPOxIESCsug,,oauth_access.regenerate,,,,,,,202541-dor,243700058,,,,,,,,,,,,,,,,,,,,,,,,,,,,,,,,,,,,,,,,,,,,,,,,,,,,,,,,,,,,,,,,,,,,,,,,1763088800033,,,,,,,,,,,,,,,,,,,,,,,,,,,,,,,,,,,,,,,,,,,,,,,,,,,,,,,,,,,,,,,,,,,,,,,,,,,,,,,,,HTXdC+hUcraJcyTwTHKlNWiQsjf58SAogTh0FLrdW/U=,,,,,,,,Copilot Chat App,,,,,,,,,,,,,,,,,,,,,,,,,,,,,,,,,,,,,,,,,,,,,,,,,,,,,,,,,,,,,,,,,,,,,,,,,,,,,,,,,,,,,,,,,,,,,,,,,,,,,,,,,,,,,,,,,,,,,,,,,,,,,,,,,modify,,,,,,,,,,,,,,,,,,,,,,,,,,,,,,,,,,,,,,,,,,,,,,,,,,,,,,,,,,,,,,,,,,,,,,,,,,,,,,,,,,,222F:3D401F:427C509:593C214:6916999F,,,,,,,,,,,,,,,,,,,,,,,,,,,,,,,,,,,,,,,,,,,,,,,,,,,,,,,,,,,,,,,,,,,,,,,,,,,,,,,,,,,,,,,,,,,,,,,,,,,,,,,,,,,,,,,,,,,,,,,,,,,,,,,,2822068268,,,,,,,,,,,,,,,,,,,,,,,202541-dor,"Mozilla/5.0 (iPhone; CPU iPhone OS 18_7 like Mac OS X) AppleWebKit/605.1.15 (KHTML, like Gecko) Version/26.1 Mobile/15E148 Safari/604.1",,,243700058,,,,,,,,,,,,,,,,,
1763031886905,m9MawDcJ9S3nvwsXPtZ4eg,,oauth_access.regenerate,,,,,,,202541-dor,243700058,,,,,,,,,,,,,,,,,,,,,,,,,,,,,,,,,,,,,,,,,,,,,,,,,,,,,,,,,,,,,,,,,,,,,,,,1763031886905,,,,,,,,,,,,,,,,,,,,,,,,,,,,,,,,,,,,,,,,,,,,,,,,,,,,,,,,,,,,,,,,,,,,,,,,,,,,,,,,,xrDEm6fV7pCf6mPyz3GYSl9tt74d5ZBnC5c4l+KGozA=,,,,,,,,GitHub Codespaces,,,,,,,,,,,,,,,,,,,,,,,,,,,,,,,,,,,,,,,,,,,,,,,,,,,,,,,,,,,,,,,,,,,,,,,,,,,,,,,,,,,,,,,,,,,,,,,,,,,,,,,,,,,,,,,,,,,,,,,,,,,,,,,,,modify,,,,,,,,,,,,,,,,,,,,,,,,,,,,,,,,,,,,,,,,,,,,,,,,,,,,,,,,,,,,,,,,,,,,,,,,,,,,,,,,,,,BB95:36ADED:1B57BCD:25479E6:6915BB36,,,,,,,,,,,,,,,,,,,,,,,,,,,,,,,,,,,,,,,,,,,,,,,,,,,,,,,,,,,,,,,,,,,,,,,,,,,,,,,,,,,,,,,,,,,,,,,,,,,,,,,,,,,,,,,,,,,,,,,,,,,,,,,,2816220255,,,,,,,,,,,,,,,,,,,,,,,202541-dor,"Mozilla/5.0 (iPhone; CPU iPhone OS 18_7 like Mac OS X) AppleWebKit/605.1.15 (KHTML, like Gecko) Version/26.1 Mobile/15E148 Safari/604.1",,,243700058,,,,,,,,,,,,,,,,,
1763031846480,fukrMgADrNoNE21GsMONIw,,oauth_access.regenerate,,,,,,,202541-dor,243700058,,,,,,,,,,,,,,,,,,,,,,,,,,,,,,,,,,,,,,,,,,,,,,,,,,,,,,,,,,,,,,,,,,,,,,,,1763031846480,,,,,,,,,,,,,,,,,,,,,,,,,,,,,,,,,,,,,,,,,,,,,,,,,,,,,,,,,,,,,,,,,,,,,,,,,,,,,,,,,JwhPWnIZHd61Y6tzrw4R3+6P26FXzFpd1oFaFJWfRUg=,,,,,,,,GitHub Codespaces,,,,,,,,,,,,,,,,,,,,,,,,,,,,,,,,,,,,,,,,,,,,,,,,,,,,,,,,,,,,,,,,,,,,,,,,,,,,,,,,,,,,,,,,,,,,,,,,,,,,,,,,,,,,,,,,,,,,,,,,,,,,,,,,,modify,,,,,,,,,,,,,,,,,,,,,,,,,,,,,,,,,,,,,,,,,,,,,,,,,,,,,,,,,,,,,,,,,,,,,,,,,,,,,,,,,,,BB95:36ADED:1B48E3C:253387B:6915BB22,,,,,,,,,,,,,,,,,,,,,,,,,,,,,,,,,,,,,,,,,,,,,,,,,,,,,,,,,,,,,,,,,,,,,,,,,,,,,,,,,,,,,,,,,,,,,,,,,,,,,,,,,,,,,,,,,,,,,,,,,,,,,,,,2816215453,,,,,,,,,,,,,,,,,,,,,,,202541-dor,"Mozilla/5.0 (iPhone; CPU iPhone OS 18_7 like Mac OS X) AppleWebKit/605.1.15 (KHTML, like Gecko) Version/26.1 Mobile/15E148 Safari/604.1",,,243700058,,,,,,,,,,,,,,,,,
1763031842005,4bNrLdtRGC9xcweCfe8iyw,,oauth_access.regenerate,,,,,,,202541-dor,243700058,,,,,,,,,,,,,,,,,,,,,,,,,,,,,,,,,,,,,,,,,,,,,,,,,,,,,,,,,,,,,,,,,,,,,,,,1763031842005,,,,,,,,,,,,,,,,,,,,,,,,,,,,,,,,,,,,,,,,,,,,,,,,,,,,,,,,,,,,,,,,,,,,,,,,,,,,,,,,,3CD/ebGSzts1SqBSYaj5Juw9GrvkUOL6rXHf7INVlq0=,,,,,,,,GitHub Codespaces,,,,,,,,,,,,,,,,,,,,,,,,,,,,,,,,,,,,,,,,,,,,,,,,,,,,,,,,,,,,,,,,,,,,,,,,,,,,,,,,,,,,,,,,,,,,,,,,,,,,,,,,,,,,,,,,,,,,,,,,,,,,,,,,,modify,,,,,,,,,,,,,,,,,,,,,,,,,,,,,,,,,,,,,,,,,,,,,,,,,,,,,,,,,,,,,,,,,,,,,,,,,,,,,,,,,,,BB95:36ADED:1B470EC:2531249:6915BB12,,,,,,,,,,,,,,,,,,,,,,,,,,,,,,,,,,,,,,,,,,,,,,,,,,,,,,,,,,,,,,,,,,,,,,,,,,,,,,,,,,,,,,,,,,,,,,,,,,,,,,,,,,,,,,,,,,,,,,,,,,,,,,,,2816214898,,,,,,,,,,,,,,,,,,,,,,,202541-dor,"Mozilla/5.0 (iPhone; CPU iPhone OS 18_7 like Mac OS X) AppleWebKit/605.1.15 (KHTML, like Gecko) Version/26.1 Mobile/15E148 Safari/604.1",,,243700058,,,,,,,,,,,,,,,,,
1763031812880,n3pVedeSjmo47TQ9jj278w,,oauth_access.regenerate,,,,,,,202541-dor,243700058,,,,,,,,,,,,,,,,,,,,,,,,,,,,,,,,,,,,,,,,,,,,,,,,,,,,,,,,,,,,,,,,,,,,,,,,1763031812880,,,,,,,,,,,,,,,,,,,,,,,,,,,,,,,,,,,,,,,,,,,,,,,,,,,,,,,,,,,,,,,,,,,,,,,,,,,,,,,,,EZm0DYxpTLkD9tZFNxv4mZ3f8IJ7LQ4V8c/V6ra1Uhc=,,,,,,,,GitHub Codespaces,,,,,,,,,,,,,,,,,,,,,,,,,,,,,,,,,,,,,,,,,,,,,,,,,,,,,,,,,,,,,,,,,,,,,,,,,,,,,,,,,,,,,,,,,,,,,,,,,,,,,,,,,,,,,,,,,,,,,,,,,,,,,,,,,modify,,,,,,,,,,,,,,,,,,,,,,,,,,,,,,,,,,,,,,,,,,,,,,,,,,,,,,,,,,,,,,,,,,,,,,,,,,,,,,,,,,,BB95:36ADED:1B3C9B8:2523151:6915BB03,,,,,,,,,,,,,,,,,,,,,,,,,,,,,,,,,,,,,,,,,,,,,,,,,,,,,,,,,,,,,,,,,,,,,,,,,,,,,,,,,,,,,,,,,,,,,,,,,,,,,,,,,,,,,,,,,,,,,,,,,,,,,,,,2816211135,,,,,,,,,,,,,,,,,,,,,,,202541-dor,"Mozilla/5.0 (iPhone; CPU iPhone OS 18_7 like Mac OS X) AppleWebKit/605.1.15 (KHTML, like Gecko) Version/26.1 Mobile/15E148 Safari/604.1",,,243700058,,,,,,,,,,,,,,,,,
1763031811466,G2KcwvFAx3pY58eI8a6MVA,,oauth_access.regenerate,,,,,,,202541-dor,243700058,,,,,,,,,,,,,,,,,,,,,,,,,,,,,,,,,,,,,,,,,,,,,,,,,,,,,,,,,,,,,,,,,,,,,,,,1763031811466,,,,,,,,,,,,,,,,,,,,,,,,,,,,,,,,,,,,,,,,,,,,,,,,,,,,,,,,,,,,,,,,,,,,,,,,,,,,,,,,,HzV+lGS2J3Bhxbzx3OloIexKaqd33ttAne74n8Km1tc=,,,,,,,,GitHub Codespaces,,,,,,,,,,,,,,,,,,,,,,,,,,,,,,,,,,,,,,,,,,,,,,,,,,,,,,,,,,,,,,,,,,,,,,,,,,,,,,,,,,,,,,,,,,,,,,,,,,,,,,,,,,,,,,,,,,,,,,,,,,,,,,,,,modify,,,,,,,,,,,,,,,,,,,,,,,,,,,,,,,,,,,,,,,,,,,,,,,,,,,,,,,,,,,,,,,,,,,,,,,,,,,,,,,,,,,BB95:36ADED:1B3C024:2522468:6915BB00,,,,,,,,,,,,,,,,,,,,,,,,,,,,,,,,,,,,,,,,,,,,,,,,,,,,,,,,,,,,,,,,,,,,,,,,,,,,,,,,,,,,,,,,,,,,,,,,,,,,,,,,,,,,,,,,,,,,,,,,,,,,,,,,2816210964,,,,,,,,,,,,,,,,,,,,,,,202541-dor,"Mozilla/5.0 (iPhone; CPU iPhone OS 18_7 like Mac OS X) AppleWebKit/605.1.15 (KHTML, like Gecko) Version/26.1 Mobile/15E148 Safari/604.1",,,243700058,,,,,,,,,,,,,,,,,
1763031368389,GSQv-w8OVHxq8WoocZ9h-Q,,oauth_access.regenerate,,,,,,,202541-dor,243700058,,,,,,,,,,,,,,,,,,,,,,,,,,,,,,,,,,,,,,,,,,,,,,,,,,,,,,,,,,,,,,,,,,,,,,,,1763031368389,,,,,,,,,,,,,,,,,,,,,,,,,,,,,,,,,,,,,,,,,,,,,,,,,,,,,,,,,,,,,,,,,,,,,,,,,,,,,,,,,n3sjn/WUOLBoSGvBe6ceYh246AMSeh2HD2/Kqmve5Sk=,,,,,,,,Copilot Chat App,,,,,,,,,,,,,,,,,,,,,,,,,,,,,,,,,,,,,,,,,,,,,,,,,,,,,,,,,,,,,,,,,,,,,,,,,,,,,,,,,,,,,,,,,,,,,,,,,,,,,,,,,,,,,,,,,,,,,,,,,,,,,,,,,modify,,,,,,,,,,,,,,,,,,,,,,,,,,,,,,,,,,,,,,,,,,,,,,,,,,,,,,,,,,,,,,,,,,,,,,,,,,,,,,,,,,,ACE2:20972F:21AF17C:2DCBD5F:6915B948,,,,,,,,,,,,,,,,,,,,,,,,,,,,,,,,,,,,,,,,,,,,,,,,,,,,,,,,,,,,,,,,,,,,,,,,,,,,,,,,,,,,,,,,,,,,,,,,,,,,,,,,,,,,,,,,,,,,,,,,,,,,,,,,2816156951,,,,,,,,,,,,,,,,,,,,,,,202541-dor,"Mozilla/5.0 (iPhone; CPU iPhone OS 18_7 like Mac OS X) AppleWebKit/605.1.15 (KHTML, like Gecko) Version/26.1 Mobile/15E148 Safari/604.1",,,243700058,,,,,,,,,,,,,,,,,
1763027288212,6cCvMLUzUZcZUL31p4FE6g,,oauth_access.regenerate,,,,,,,202541-dor,243700058,,,,,,,,,,,,,,,,,,,,,,,,,,,,,,,,,,,,,,,,,,,,,,,,,,,,,,,,,,,,,,,,,,,,,,,,1763027288212,,,,,,,,,,,,,,,,,,,,,,,,,,,,,,,,,,,,,,,,,,,,,,,,,,,,,,,,,,,,,,,,,,,,,,,,,,,,,,,,,mYVEtdPa4CiJLTYAXW9CsUaqxstVUUPwE+oB7SlP8M0=,,,,,,,,Copilot Chat App,,,,,,,,,,,,,,,,,,,,,,,,,,,,,,,,,,,,,,,,,,,,,,,,,,,,,,,,,,,,,,,,,,,,,,,,,,,,,,,,,,,,,,,,,,,,,,,,,,,,,,,,,,,,,,,,,,,,,,,,,,,,,,,,,modify,,,,,,,,,,,,,,,,,,,,,,,,,,,,,,,,,,,,,,,,,,,,,,,,,,,,,,,,,,,,,,,,,,,,,,,,,,,,,,,,,,,725E:BE154:4C02E2:67CE20:6915A954,,,,,,,,,,,,,,,,,,,,,,,,,,,,,,,,,,,,,,,,,,,,,,,,,,,,,,,,,,,,,,,,,,,,,,,,,,,,,,,,,,,,,,,,,,,,,,,,,,,,,,,,,,,,,,,,,,,,,,,,,,,,,,,,2815632310,,,,,,,,,,,,,,,,,,,,,,,202541-dor,"Mozilla/5.0 (iPhone; CPU iPhone OS 18_7 like Mac OS X) AppleWebKit/605.1.15 (KHTML, like Gecko) Version/26.1 Mobile/15E148 Safari/604.1",,,243700058,,,,,,,,,,,,,,,,,
